{
  "timestamp": "2025-11-04T12:57:26.479662",
  "job_id": "d44qkeooftds73c7nt4g",
  "backend": "ibm_torino",
  "molecule": "H2",
  "bond_length": 0.74,
  "gradient_selection": true,
  "subspace_size": 5,
  "configurations": [
    "|1100\u27e9",
    "|1010\u27e9",
    "|0110\u27e9",
    "|1001\u27e9",
    "|0011\u27e9"
  ],
  "diagonal_energies": [
    -1.103288765316883,
    -0.5197451077805084,
    -0.3431115454578352,
    -0.3412384708643678,
    0.45908220464503646
  ],
  "ground_energy": -1.124030953813213,
  "expected_energy": -1.13728383,
  "error_Ha": 0.013252876186787166,
  "error_mHa": 13.252876186787166,
  "eigenvalues": [
    -1.124030953813213,
    -0.5233878902800869,
    -0.5197451077805084,
    -0.16096212604211607,
    0.4798243931413663
  ],
  "ground_state_amplitudes": [
    