{
  "timestamp": "2025-11-04T13:45:18.789985",
  "backend": "ibm_torino",
  "job_id": "d44rc1ooftds73c7okb0",
  "runtime_seconds": 17.898218,
  "molecule": "H2",
  "bond_length": 0.74,
  "method": "SQD",
  "subspace_dim": 4,
  "basis_states": [
    "0b11",
    "0b101",
    "0b110",
    "0b1100"
  ],
  "diagonal_energies": [
    -0.9904664467841852,
    -0.4174511071043062,
    -0.34545553187850353,
    0.4233527793471371
  ],
  "eigenvalues": [
    -1.0133228459364156,
    -0.4174511071043062,
    -0.34545553187850353,
    0.44620917849936753
  ],
  "ground_energy": -1.0133228459364156,
  "expected_energy": -1.13728383,
  "error_Ha": 0.12396098406358447,
  "error_mHa": 123.96098406358446,
  "excited_states": [
    -0.4174511071043062,
    -0.34545553187850353,
    0.44620917849936753
  ]
}