{
  "framework": "PySCF DFT",
  "version": "Classical DFT",
  "timestamp": "2025-10-07T22:05:19.495194",
  "molecules": {
    "H2": {
      "name": "H2",
      "atoms": [
        "H",
        "H"
      ],
      "distance": 0.74,
      "charge": 0,
      "exact_energy": -1.1373,
      "methods": {
        "LDA": {
          "energy": -1.1212061155816366,
          "correlation_vs_hf_mha": -4.446808185211371,
          "error_vs_exact_mha": 16.093884418363345,
          "time_seconds": 0.03951001167297363,
          "converged": true,
          "functional": "lda,vwn"
        },
        "PBE": {
          "energy": -1.1520727950373075,
          "correlation_vs_hf_mha": -35.31348764088227,
          "error_vs_exact_mha": 14.772795037307551,
          "time_seconds": 0.040740966796875,
          "converged": true,
          "functional": "pbe,pbe"
        },
        "B3LYP": {
          "energy": -1.1654184105262064,
          "correlation_vs_hf_mha": -48.659103129781165,
          "error_vs_exact_mha": 28.11841052620645,
          "time_seconds": 0.05554318428039551,
          "converged": true,
          "functional": "b3lyp"
        }
      },
      "hf_energy": -1.1167593073964253,
      "hf_time": 0.022925138473510742
    },
    "HeH+": {
      "name": "HeH+",
      "atoms": [
        "He",
        "H"
      ],
      "distance": 0.772,
      "charge": 1,
      "exact_energy": -2.851,
      "methods": {
        "LDA": {
          "energy": -2.8226483175774097,
          "correlation_vs_hf_mha": 18.73417225100482,
          "error_vs_exact_mha": 28.35168242259023,
          "time_seconds": 0.06558609008789062,
          "converged": true,
          "functional": "lda,vwn"
        },
        "PBE": {
          "energy": -2.873098680644496,
          "correlation_vs_hf_mha": -31.716190816081458,
          "error_vs_exact_mha": 22.09868064449605,
          "time_seconds": 0.07428503036499023,
          "converged": true,
          "functional": "pbe,pbe"
        },
        "B3LYP": {
          "energy": -2.8924844006843102,
          "correlation_vs_hf_mha": -51.10191085589566,
          "error_vs_exact_mha": 41.48440068431025,
          "time_seconds": 0.07167482376098633,
          "converged": true,
          "functional": "b3lyp"
        }
      },
      "hf_energy": -2.8413824898284146,
      "hf_time": 0.0322420597076416
    },
    "LiH": {
      "name": "LiH",
      "atoms": [
        "Li",
        "H"
      ],
      "distance": 1.6,
      "charge": 0,
      "exact_energy": -7.8823,
      "methods": {
        "LDA": {
          "energy": -7.792055594527066,
          "correlation_vs_hf_mha": 69.80917528157882,
          "error_vs_exact_mha": 90.24440547293366,
          "time_seconds": 0.12050509452819824,
          "converged": true,
          "functional": "lda,vwn"
        },
        "PBE": {
          "energy": -7.92060481695746,
          "correlation_vs_hf_mha": -58.74004714881487,
          "error_vs_exact_mha": 38.30481695746002,
          "time_seconds": 0.08832812309265137,
          "converged": true,
          "functional": "pbe,pbe"
        },
        "B3LYP": {
          "energy": -7.961454838220546,
          "correlation_vs_hf_mha": -99.5900684119011,
          "error_vs_exact_mha": 79.15483822054625,
          "time_seconds": 0.08812093734741211,
          "converged": true,
          "functional": "b3lyp"
        }
      },
      "hf_energy": -7.861864769808645,
      "hf_time": 0.034729957580566406
    }
  }
}