{
  "framework": "PySCF",
  "version": "Classical Reference",
  "timestamp": "2025-10-07T17:41:54.179241",
  "molecules": {
    "H2": {
      "name": "H2",
      "atoms": [
        "H",
        "H"
      ],
      "distance": 0.74,
      "charge": 0,
      "methods": {
        "HF": {
          "energy": -1.1167593073964253,
          "time_seconds": 0.02282404899597168,
          "converged": true
        },
        "MP2": {
          "total_energy": -1.1298973809859583,
          "correlation_energy": -0.01313807358953297,
          "correlation_mha": -13.138073589532969,
          "time_seconds": 0.08268904685974121
        },
        "CCSD": {
          "error": "too many values to unpack (expected 2)"
        },
        "FCI": {
          "energy": -1.137283834488502,
          "correlation_energy": -0.02052452709207664,
          "correlation_mha": -20.52452709207664,
          "time_seconds": 0.0009407997131347656
        }
      },
      "exact_energy": -1.137283834488502
    },
    "HeH+": {
      "name": "HeH+",
      "atoms": [
        "He",
        "H"
      ],
      "distance": 0.772,
      "charge": 1,
      "methods": {
        "HF": {
          "energy": -2.8413824898284146,
          "time_seconds": 0.025075912475585938,
          "converged": true
        },
        "MP2": {
          "total_energy": -2.8486275186400016,
          "correlation_energy": -0.007245028811587243,
          "correlation_mha": -7.245028811587243,
          "time_seconds": 0.000125885009765625
        },
        "CCSD": {
          "error": "too many values to unpack (expected 2)"
        },
        "FCI": {
          "energy": -2.8510240299774203,
          "correlation_energy": -0.009641540149005756,
          "correlation_mha": -9.641540149005756,
          "time_seconds": 0.00024199485778808594
        }
      },
      "exact_energy": -2.8510240299774203
    },
    "LiH": {
      "name": "LiH",
      "atoms": [
        "Li",
        "H"
      ],
      "distance": 1.6,
      "charge": 0,
      "methods": {
        "HF": {
          "energy": -7.861864769808645,
          "time_seconds": 0.026844263076782227,
          "converged": true
        },
        "MP2": {
          "total_energy": -7.874768866261409,
          "correlation_energy": -0.01290409645276398,
          "correlation_mha": -12.90409645276398,
          "time_seconds": 0.00014591217041015625
        },
        "CCSD": {
          "error": "too many values to unpack (expected 2)"
        },
        "FCI": {
          "energy": -7.882324378883491,
          "correlation_energy": -0.02045960907484634,
          "correlation_mha": -20.45960907484634,
          "time_seconds": 0.011401891708374023
        }
      },
      "exact_energy": -7.882324378883491
    }
  }
}